TAGGER SCHEDULING ENTITY (derived from oati_tag_db; post-RTOE preferred),,,,,,,,
sched_entity_1,pct_1,sched_entity_2,pct_2,sched_entity_3,pct_3,n_segments,source,notes
AVA,100.0%,,,,,59,post-RTOE exact,Single entity across all 59 segments.
AVA,100.0%,,,,,35,post-RTOE exact,Single entity across all 35 segments.
BPAT,100.0%,,,,,33,post-RTOE exact,Single entity across all 33 segments.
,,,,,,,,No post- or pre-RTOE Guzman tag segments found for this point with this provider.
,,,,,,,,No post- or pre-RTOE Guzman tag segments found for this point with this provider.
,,,,,,,,No post- or pre-RTOE Guzman tag segments found for this point with this provider.
,,,,,,,,No post- or pre-RTOE Guzman tag segments found for this point with this provider.
BPAT,100.0%,,,,,17,post-RTOE exact,Single entity across all 17 segments.
,,,,,,,,No post- or pre-RTOE Guzman tag segments found for this point with this provider.
BPAT,100.0%,,,,,2,post-RTOE exact,Only 2 segments observed - weak evidence.
PSEI,100.0%,,,,,2,post-RTOE exact,Only 2 segments observed - weak evidence.
BPAT,100.0%,,,,,9,post-RTOE exact,Single entity across all 9 segments.
,,,,,,,,
,,,,,,,,No post- or pre-RTOE Guzman tag segments found for this point with this provider.
,,,,,,,,No post- or pre-RTOE Guzman tag segments found for this point with this provider.
,,,,,,,,No post- or pre-RTOE Guzman tag segments found for this point with this provider.
,,,,,,,,No post- or pre-RTOE Guzman tag segments found for this point with this provider.
,,,,,,,,No post- or pre-RTOE Guzman tag segments found for this point with this provider.
,,,,,,,,No post- or pre-RTOE Guzman tag segments found for this point with this provider.
,,,,,,,,No post- or pre-RTOE Guzman tag segments found for this point with this provider.
,,,,,,,,No post- or pre-RTOE Guzman tag segments found for this point with this provider.
,,,,,,,,No post- or pre-RTOE Guzman tag segments found for this point with this provider.
,,,,,,,,No post- or pre-RTOE Guzman tag segments found for this point with this provider.
,,,,,,,,No post- or pre-RTOE Guzman tag segments found for this point with this provider.
,,,,,,,,No post- or pre-RTOE Guzman tag segments found for this point with this provider.
,,,,,,,,No post- or pre-RTOE Guzman tag segments found for this point with this provider.
,,,,,,,,No post- or pre-RTOE Guzman tag segments found for this point with this provider.
,,,,,,,,No post- or pre-RTOE Guzman tag segments found for this point with this provider.
PACW,100.0%,,,,,341,post-RTOE exact,Single entity across all 341 segments.
GCPD,100.0%,,,,,192,post-RTOE exact,Single entity across all 192 segments.
AVA,100.0%,,,,,14,post-RTOE exact,Single entity across all 14 segments.
PSEI,100.0%,,,,,34,post-RTOE exact,Single entity across all 34 segments.
AVA,100.0%,,,,,6,post-RTOE exact,Single entity across all 6 segments.
PACW,100.0%,,,,,171,post-RTOE exact,Single entity across all 171 segments.
PSEI,100.0%,,,,,29,post-RTOE exact,Single entity across all 29 segments.
BPAT,100.0%,,,,,210,post-RTOE exact,Single entity across all 210 segments.
,,,,,,,,No post- or pre-RTOE Guzman tag segments found for this point with this provider.
,,,,,,,,
,,,,,,,,No post- or pre-RTOE Guzman tag segments found for this point with this provider.
,,,,,,,,No post- or pre-RTOE Guzman tag segments found for this point with this provider.
,,,,,,,,No post- or pre-RTOE Guzman tag segments found for this point with this provider.
,,,,,,,,No post- or pre-RTOE Guzman tag segments found for this point with this provider.
,,,,,,,,No post- or pre-RTOE Guzman tag segments found for this point with this provider.
PSEI,100.0%,,,,,6,post-RTOE exact,Single entity across all 6 segments.
,,,,,,,,No post- or pre-RTOE Guzman tag segments found for this point with this provider.
,,,,,,,,No post- or pre-RTOE Guzman tag segments found for this point with this provider.
,,,,,,,,No post- or pre-RTOE Guzman tag segments found for this point with this provider.
,,,,,,,,No post- or pre-RTOE Guzman tag segments found for this point with this provider.
,,,,,,,,No post- or pre-RTOE Guzman tag segments found for this point with this provider.
,,,,,,,,No post- or pre-RTOE Guzman tag segments found for this point with this provider.
,,,,,,,,No post- or pre-RTOE Guzman tag segments found for this point with this provider.
,,,,,,,,No post- or pre-RTOE Guzman tag segments found for this point with this provider.
,,,,,,,,No post- or pre-RTOE Guzman tag segments found for this point with this provider.
,,,,,,,,No post- or pre-RTOE Guzman tag segments found for this point with this provider.
,,,,,,,,No post- or pre-RTOE Guzman tag segments found for this point with this provider.
,,,,,,,,No post- or pre-RTOE Guzman tag segments found for this point with this provider.
,,,,,,,,No post- or pre-RTOE Guzman tag segments found for this point with this provider.
,,,,,,,,No post- or pre-RTOE Guzman tag segments found for this point with this provider.
,,,,,,,,No post- or pre-RTOE Guzman tag segments found for this point with this provider.
,,,,,,,,No post- or pre-RTOE Guzman tag segments found for this point with this provider.
,,,,,,,,
,,,,,,,,No post- or pre-RTOE Guzman tag segments found for this point with this provider.
,,,,,,,,No post- or pre-RTOE Guzman tag segments found for this point with this provider.
,,,,,,,,No post- or pre-RTOE Guzman tag segments found for this point with this provider.
,,,,,,,,No post- or pre-RTOE Guzman tag segments found for this point with this provider.
,,,,,,,,No post- or pre-RTOE Guzman tag segments found for this point with this provider.
BPAT,100.0%,,,,,120,post-RTOE exact,Single entity across all 120 segments.
,,,,,,,,No post- or pre-RTOE Guzman tag segments found for this point with this provider.
,,,,,,,,No post- or pre-RTOE Guzman tag segments found for this point with this provider.
PACW,100.0%,,,,,13,post-RTOE exact,Single entity across all 13 segments.
BPAT,100.0%,,,,,13,post-RTOE exact,Single entity across all 13 segments.
BPAT,100.0%,,,,,69,post-RTOE exact,Single entity across all 69 segments.
PGE,100.0%,,,,,69,post-RTOE exact,Single entity across all 69 segments.
,,,,,,,,No post- or pre-RTOE Guzman tag segments found for this point with this provider.
,,,,,,,,No post- or pre-RTOE Guzman tag segments found for this point with this provider.
,,,,,,,,No post- or pre-RTOE Guzman tag segments found for this point with this provider.
,,,,,,,,No post- or pre-RTOE Guzman tag segments found for this point with this provider.
,,,,,,,,No post- or pre-RTOE Guzman tag segments found for this point with this provider.
,,,,,,,,No post- or pre-RTOE Guzman tag segments found for this point with this provider.
,,,,,,,,No post- or pre-RTOE Guzman tag segments found for this point with this provider.
,,,,,,,,No post- or pre-RTOE Guzman tag segments found for this point with this provider.
,,,,,,,,No post- or pre-RTOE Guzman tag segments found for this point with this provider.
,,,,,,,,No post- or pre-RTOE Guzman tag segments found for this point with this provider.
,,,,,,,,No post- or pre-RTOE Guzman tag segments found for this point with this provider.
,,,,,,,,No post- or pre-RTOE Guzman tag segments found for this point with this provider.
,,,,,,,,No post- or pre-RTOE Guzman tag segments found for this point with this provider.
,,,,,,,,No post- or pre-RTOE Guzman tag segments found for this point with this provider.
,,,,,,,,No post- or pre-RTOE Guzman tag segments found for this point with this provider.
,,,,,,,,No post- or pre-RTOE Guzman tag segments found for this point with this provider.
,,,,,,,,No post- or pre-RTOE Guzman tag segments found for this point with this provider.
,,,,,,,,No post- or pre-RTOE Guzman tag segments found for this point with this provider.
,,,,,,,,No post- or pre-RTOE Guzman tag segments found for this point with this provider.
,,,,,,,,No post- or pre-RTOE Guzman tag segments found for this point with this provider.
BPAT,100.0%,,,,,99,post-RTOE exact,Single entity across all 99 segments.
,,,,,,,,No post- or pre-RTOE Guzman tag segments found for this point with this provider.
BPAT,100.0%,,,,,85,post-RTOE exact,Single entity across all 85 segments.
,,,,,,,,No post- or pre-RTOE Guzman tag segments found for this point with this provider.
,,,,,,,,No post- or pre-RTOE Guzman tag segments found for this point with this provider.
,,,,,,,,No post- or pre-RTOE Guzman tag segments found for this point with this provider.
,,,,,,,,No post- or pre-RTOE Guzman tag segments found for this point with this provider.
IPCO,100.0%,,,,,48,post-RTOE exact,Single entity across all 48 segments.
BPAT,100.0%,,,,,48,post-RTOE exact,Single entity across all 48 segments.
,,,,,,,,No post- or pre-RTOE Guzman tag segments found for this point with this provider.
,,,,,,,,No post- or pre-RTOE Guzman tag segments found for this point with this provider.
,,,,,,,,No post- or pre-RTOE Guzman tag segments found for this point with this provider.
,,,,,,,,No post- or pre-RTOE Guzman tag segments found for this point with this provider.
PACW,100.0%,,,,,2,pre-RTOE exact (fallback),No post-RTOE tags; pre-RTOE evidence only - RTOE may have reassigned this. Only 2 segments observed - weak evidence.
BPAT,100.0%,,,,,2,pre-RTOE exact (fallback),No post-RTOE tags; pre-RTOE evidence only - RTOE may have reassigned this. Only 2 segments observed - weak evidence.
LDWP,100.0%,,,,,60,post-RTOE exact,Single entity across all 60 segments.
,,,,,,,,No post- or pre-RTOE Guzman tag segments found for this point with this provider.
BPAT,100.0%,,,,,60,post-RTOE exact,Single entity across all 60 segments.
,,,,,,,,No post- or pre-RTOE Guzman tag segments found for this point with this provider.
,,,,,,,,No post- or pre-RTOE Guzman tag segments found for this point with this provider.
,,,,,,,,No post- or pre-RTOE Guzman tag segments found for this point with this provider.
,,,,,,,,No post- or pre-RTOE Guzman tag segments found for this point with this provider.
,,,,,,,,No post- or pre-RTOE Guzman tag segments found for this point with this provider.
,,,,,,,,No post- or pre-RTOE Guzman tag segments found for this point with this provider.
,,,,,,,,No post- or pre-RTOE Guzman tag segments found for this point with this provider.
PACW,100.0%,,,,,3,post-RTOE exact,Single entity across all 3 segments.
IPCO,100.0%,,,,,3,post-RTOE exact,Single entity across all 3 segments.
,,,,,,,,No post- or pre-RTOE Guzman tag segments found for this point with this provider.
,,,,,,,,No post- or pre-RTOE Guzman tag segments found for this point with this provider.
,,,,,,,,No post- or pre-RTOE Guzman tag segments found for this point with this provider.
PACW,100.0%,,,,,8,post-RTOE exact,Single entity across all 8 segments.
,,,,,,,,
,,,,,,,,No post- or pre-RTOE Guzman tag segments found for this point with this provider.
,,,,,,,,No post- or pre-RTOE Guzman tag segments found for this point with this provider.
,,,,,,,,No post- or pre-RTOE Guzman tag segments found for this point with this provider.
,,,,,,,,No post- or pre-RTOE Guzman tag segments found for this point with this provider.
,,,,,,,,No post- or pre-RTOE Guzman tag segments found for this point with this provider.
,,,,,,,,No post- or pre-RTOE Guzman tag segments found for this point with this provider.
,,,,,,,,No post- or pre-RTOE Guzman tag segments found for this point with this provider.
,,,,,,,,No post- or pre-RTOE Guzman tag segments found for this point with this provider.
,,,,,,,,No post- or pre-RTOE Guzman tag segments found for this point with this provider.
,,,,,,,,No post- or pre-RTOE Guzman tag segments found for this point with this provider.
,,,,,,,,No post- or pre-RTOE Guzman tag segments found for this point with this provider.
,,,,,,,,No post- or pre-RTOE Guzman tag segments found for this point with this provider.
NEVP,100.0%,,,,,4,pre-RTOE exact (fallback),No post-RTOE tags; pre-RTOE evidence only - RTOE may have reassigned this. Single entity across all 4 segments.
,,,,,,,,No post- or pre-RTOE Guzman tag segments found for this point with this provider.
BPAT,100.0%,,,,,4,pre-RTOE exact (fallback),No post-RTOE tags; pre-RTOE evidence only - RTOE may have reassigned this. Single entity across all 4 segments.
,,,,,,,,No post- or pre-RTOE Guzman tag segments found for this point with this provider.
,,,,,,,,No post- or pre-RTOE Guzman tag segments found for this point with this provider.
,,,,,,,,No post- or pre-RTOE Guzman tag segments found for this point with this provider.
,,,,,,,,No post- or pre-RTOE Guzman tag segments found for this point with this provider.
,,,,,,,,No post- or pre-RTOE Guzman tag segments found for this point with this provider.
,,,,,,,,No post- or pre-RTOE Guzman tag segments found for this point with this provider.
,,,,,,,,No post- or pre-RTOE Guzman tag segments found for this point with this provider.
LDWP,100.0%,,,,,9,post-RTOE exact,Single entity across all 9 segments.
,,,,,,,,No post- or pre-RTOE Guzman tag segments found for this point with this provider.
,,,,,,,,No post- or pre-RTOE Guzman tag segments found for this point with this provider.
,,,,,,,,No post- or pre-RTOE Guzman tag segments found for this point with this provider.
PACW,100.0%,,,,,4,pre-RTOE exact (fallback),No post-RTOE tags; pre-RTOE evidence only - RTOE may have reassigned this. Single entity across all 4 segments.
BPAT,100.0%,,,,,4,pre-RTOE exact (fallback),No post-RTOE tags; pre-RTOE evidence only - RTOE may have reassigned this. Single entity across all 4 segments.
,,,,,,,,No post- or pre-RTOE Guzman tag segments found for this point with this provider.
,,,,,,,,No post- or pre-RTOE Guzman tag segments found for this point with this provider.
,,,,,,,,No post- or pre-RTOE Guzman tag segments found for this point with this provider.
,,,,,,,,No post- or pre-RTOE Guzman tag segments found for this point with this provider.
,,,,,,,,No post- or pre-RTOE Guzman tag segments found for this point with this provider.
,,,,,,,,
,,,,,,,,No post- or pre-RTOE Guzman tag segments found for this point with this provider.
,,,,,,,,No post- or pre-RTOE Guzman tag segments found for this point with this provider.
,,,,,,,,No post- or pre-RTOE Guzman tag segments found for this point with this provider.
,,,,,,,,No post- or pre-RTOE Guzman tag segments found for this point with this provider.
,,,,,,,,No post- or pre-RTOE Guzman tag segments found for this point with this provider.
,,,,,,,,No post- or pre-RTOE Guzman tag segments found for this point with this provider.
,,,,,,,,No post- or pre-RTOE Guzman tag segments found for this point with this provider.
NEVP,100.0%,,,,,3,post-RTOE exact,Single entity across all 3 segments.
,,,,,,,,No post- or pre-RTOE Guzman tag segments found for this point with this provider.
LDWP,64.8%,CISO,35.2%,,,128,post-RTOE exact,Predominantly LDWP; other entities appear on different lines at this node.
,,,,,,,,No post- or pre-RTOE Guzman tag segments found for this point with this provider.
,,,,,,,,No post- or pre-RTOE Guzman tag segments found for this point with this provider.
,,,,,,,,No post- or pre-RTOE Guzman tag segments found for this point with this provider.
,,,,,,,,No post- or pre-RTOE Guzman tag segments found for this point with this provider.
LDWP,100.0%,,,,,60,post-RTOE exact,Single entity across all 60 segments.
,,,,,,,,No post- or pre-RTOE Guzman tag segments found for this point with this provider.
NEVP,50.0%,LDWP,50.0%,,,148,post-RTOE exact,Seam node: no single dominant entity (2 seen) - which applies depends on the line (POR-POD leg) being scheduled; all are valid.
,,,,,,,,No post- or pre-RTOE Guzman tag segments found for this point with this provider.
,,,,,,,,No post- or pre-RTOE Guzman tag segments found for this point with this provider.
,,,,,,,,No post- or pre-RTOE Guzman tag segments found for this point with this provider.
,,,,,,,,No post- or pre-RTOE Guzman tag segments found for this point with this provider.
,,,,,,,,No post- or pre-RTOE Guzman tag segments found for this point with this provider.
,,,,,,,,No post- or pre-RTOE Guzman tag segments found for this point with this provider.
,,,,,,,,No post- or pre-RTOE Guzman tag segments found for this point with this provider.
,,,,,,,,No post- or pre-RTOE Guzman tag segments found for this point with this provider.
NEVP,100.0%,,,,,7,post-RTOE exact,Single entity across all 7 segments.
,,,,,,,,No post- or pre-RTOE Guzman tag segments found for this point with this provider.
LDWP,100.0%,,,,,2,post-RTOE exact,Only 2 segments observed - weak evidence.
NEVP,100.0%,,,,,75,post-RTOE exact,Single entity across all 75 segments.
,,,,,,,,No post- or pre-RTOE Guzman tag segments found for this point with this provider.
,,,,,,,,No post- or pre-RTOE Guzman tag segments found for this point with this provider.
,,,,,,,,No post- or pre-RTOE Guzman tag segments found for this point with this provider.
,,,,,,,,No post- or pre-RTOE Guzman tag segments found for this point with this provider.
,,,,,,,,No post- or pre-RTOE Guzman tag segments found for this point with this provider.
LDWP,83.3%,WALC,16.7%,,,24,post-RTOE exact,Predominantly LDWP; other entities appear on different lines at this node.
,,,,,,,,No post- or pre-RTOE Guzman tag segments found for this point with this provider.
,,,,,,,,No post- or pre-RTOE Guzman tag segments found for this point with this provider.
LDWP,100.0%,,,,,16,post-RTOE exact,Single entity across all 16 segments.
,,,,,,,,No post- or pre-RTOE Guzman tag segments found for this point with this provider.
,,,,,,,,No post- or pre-RTOE Guzman tag segments found for this point with this provider.
,,,,,,,,No post- or pre-RTOE Guzman tag segments found for this point with this provider.
,,,,,,,,No post- or pre-RTOE Guzman tag segments found for this point with this provider.
LDWP,100.0%,,,,,24,post-RTOE exact,Single entity across all 24 segments.
,,,,,,,,No post- or pre-RTOE Guzman tag segments found for this point with this provider.
WALC,100.0%,,,,,673,post-RTOE exact,Single entity across all 673 segments.
WALC,100.0%,,,,,147,post-RTOE exact,Single entity across all 147 segments.
NEVP,54.9%,WALC,45.1%,,,976,post-RTOE exact,Seam node: no single dominant entity (2 seen) - which applies depends on the line (POR-POD leg) being scheduled; all are valid.
WALC,100.0%,,,,,86,post-RTOE exact,Single entity across all 86 segments.
LDWP,51.5%,WALC,48.5%,,,66,post-RTOE exact,Seam node: no single dominant entity (2 seen) - which applies depends on the line (POR-POD leg) being scheduled; all are valid.
WALC,100.0%,,,,,134,post-RTOE exact,Single entity across all 134 segments.
WALC,100.0%,,,,,189,post-RTOE exact,Single entity across all 189 segments.
WALC,100.0%,,,,,58,post-RTOE exact,Single entity across all 58 segments.
WALC,100.0%,,,,,8,post-RTOE exact,Single entity across all 8 segments.
NEVP,100.0%,,,,,3,post-RTOE exact,Single entity across all 3 segments.
,,,,,,,,No post- or pre-RTOE Guzman tag segments found for this point with this provider.
,,,,,,,,No post- or pre-RTOE Guzman tag segments found for this point with this provider.
,,,,,,,,No post- or pre-RTOE Guzman tag segments found for this point with this provider.
,,,,,,,,No post- or pre-RTOE Guzman tag segments found for this point with this provider.
NEVP,100.0%,,,,,67,post-RTOE exact,Single entity across all 67 segments.
,,,,,,,,No post- or pre-RTOE Guzman tag segments found for this point with this provider.
PACE,100.0%,,,,,7,post-RTOE exact,Single entity across all 7 segments.
NEVP,100.0%,,,,,7,post-RTOE exact,Single entity across all 7 segments.
,,,,,,,,No post- or pre-RTOE Guzman tag segments found for this point with this provider.
,,,,,,,,No post- or pre-RTOE Guzman tag segments found for this point with this provider.
NEVP,100.0%,,,,,441,post-RTOE exact,Single entity across all 441 segments.
,,,,,,,,No post- or pre-RTOE Guzman tag segments found for this point with this provider.
NWMT,100.0%,,,,,55,post-RTOE exact,Single entity across all 55 segments.
AVA,100.0%,,,,,51,post-RTOE exact,Single entity across all 51 segments.
,,,,,,,,No post- or pre-RTOE Guzman tag segments found for this point with this provider.
,,,,,,,,No post- or pre-RTOE Guzman tag segments found for this point with this provider.
,,,,,,,,No post- or pre-RTOE Guzman tag segments found for this point with this provider.
PACE,100.0%,,,,,3,post-RTOE exact,Single entity across all 3 segments.
,,,,,,,,No post- or pre-RTOE Guzman tag segments found for this point with this provider.
,,,,,,,,No post- or pre-RTOE Guzman tag segments found for this point with this provider.
IPCO,33.3%,PACE,33.3%,NWMT,33.3%,39,post-RTOE exact,Seam node: no single dominant entity (3 seen) - which applies depends on the line (POR-POD leg) being scheduled; all are valid.
NWMT,100.0%,,,,,113,post-RTOE exact,Single entity across all 113 segments.
BPAT,100.0%,,,,,112,post-RTOE exact,Single entity across all 112 segments.
NWMT,33.3%,IPCO,33.3%,PACE,33.3%,6,pre-RTOE exact (fallback),No post-RTOE tags; pre-RTOE evidence only - RTOE may have reassigned this. Seam node: no single dominant entity (3 seen) - which applies depends on the line (POR-POD leg) being scheduled; all are valid.
PACE,53.6%,IPCO,23.2%,NWMT,23.2%,56,post-RTOE exact,Seam node: no single dominant entity (3 seen) - which applies depends on the line (POR-POD leg) being scheduled; all are valid.
NWMT,33.3%,IPCO,33.3%,PACE,33.3%,81,post-RTOE exact,Seam node: no single dominant entity (3 seen) - which applies depends on the line (POR-POD leg) being scheduled; all are valid.
IPCO,100.0%,,,,,23,post-RTOE exact,Single entity across all 23 segments.
,,,,,,,,
,,,,,,,,No post- or pre-RTOE Guzman tag segments found for this point with this provider.
,,,,,,,,No post- or pre-RTOE Guzman tag segments found for this point with this provider.
,,,,,,,,No post- or pre-RTOE Guzman tag segments found for this point with this provider.
,,,,,,,,No post- or pre-RTOE Guzman tag segments found for this point with this provider.
,,,,,,,,No post- or pre-RTOE Guzman tag segments found for this point with this provider.
,,,,,,,,No post- or pre-RTOE Guzman tag segments found for this point with this provider.
,,,,,,,,No post- or pre-RTOE Guzman tag segments found for this point with this provider.
,,,,,,,,No post- or pre-RTOE Guzman tag segments found for this point with this provider.
,,,,,,,,No post- or pre-RTOE Guzman tag segments found for this point with this provider.
,,,,,,,,No post- or pre-RTOE Guzman tag segments found for this point with this provider.
,,,,,,,,No post- or pre-RTOE Guzman tag segments found for this point with this provider.
,,,,,,,,No post- or pre-RTOE Guzman tag segments found for this point with this provider.
IPCO,100.0%,,,,,11,post-RTOE exact,Single entity across all 11 segments.
,,,,,,,,No post- or pre-RTOE Guzman tag segments found for this point with this provider.
,,,,,,,,No post- or pre-RTOE Guzman tag segments found for this point with this provider.
,,,,,,,,No post- or pre-RTOE Guzman tag segments found for this point with this provider.
,,,,,,,,No post- or pre-RTOE Guzman tag segments found for this point with this provider.
,,,,,,,,No post- or pre-RTOE Guzman tag segments found for this point with this provider.
,,,,,,,,No post- or pre-RTOE Guzman tag segments found for this point with this provider.
,,,,,,,,No post- or pre-RTOE Guzman tag segments found for this point with this provider.
,,,,,,,,No post- or pre-RTOE Guzman tag segments found for this point with this provider.
AVA,100.0%,,,,,27,post-RTOE exact,Single entity across all 27 segments.
IPCO,100.0%,,,,,27,post-RTOE exact,Single entity across all 27 segments.
IPCO,100.0%,,,,,1,post-RTOE exact,Only 1 segment observed - weak evidence.
IPCO,100.0%,,,,,35,post-RTOE exact,Single entity across all 35 segments.
,,,,,,,,No post- or pre-RTOE Guzman tag segments found for this point with this provider.
NEVP,100.0%,,,,,35,post-RTOE exact,Single entity across all 35 segments.
,,,,,,,,No post- or pre-RTOE Guzman tag segments found for this point with this provider.
,,,,,,,,No post- or pre-RTOE Guzman tag segments found for this point with this provider.
,,,,,,,,No post- or pre-RTOE Guzman tag segments found for this point with this provider.
,,,,,,,,No post- or pre-RTOE Guzman tag segments found for this point with this provider.
,,,,,,,,No post- or pre-RTOE Guzman tag segments found for this point with this provider.
,,,,,,,,No post- or pre-RTOE Guzman tag segments found for this point with this provider.
,,,,,,,,No post- or pre-RTOE Guzman tag segments found for this point with this provider.
,,,,,,,,No post- or pre-RTOE Guzman tag segments found for this point with this provider.
,,,,,,,,No post- or pre-RTOE Guzman tag segments found for this point with this provider.
,,,,,,,,No post- or pre-RTOE Guzman tag segments found for this point with this provider.
,,,,,,,,No post- or pre-RTOE Guzman tag segments found for this point with this provider.
,,,,,,,,No post- or pre-RTOE Guzman tag segments found for this point with this provider.
,,,,,,,,No post- or pre-RTOE Guzman tag segments found for this point with this provider.
,,,,,,,,No post- or pre-RTOE Guzman tag segments found for this point with this provider.
,,,,,,,,No post- or pre-RTOE Guzman tag segments found for this point with this provider.
AVA,100.0%,,,,,35,post-RTOE exact,Single entity across all 35 segments.
BPAT,100.0%,,,,,33,post-RTOE exact,Single entity across all 33 segments.
NWMT,100.0%,,,,,1,post-RTOE exact,Only 1 segment observed - weak evidence.
,,,,,,,,No post- or pre-RTOE Guzman tag segments found for this point with this provider.
,,,,,,,,No post- or pre-RTOE Guzman tag segments found for this point with this provider.
,,,,,,,,No post- or pre-RTOE Guzman tag segments found for this point with this provider.
,,,,,,,,No post- or pre-RTOE Guzman tag segments found for this point with this provider.
,,,,,,,,No post- or pre-RTOE Guzman tag segments found for this point with this provider.
,,,,,,,,No post- or pre-RTOE Guzman tag segments found for this point with this provider.
,,,,,,,,No post- or pre-RTOE Guzman tag segments found for this point with this provider.
PGE,100.0%,,,,,25,post-RTOE exact,Single entity across all 25 segments.
NWMT,100.0%,,,,,2,post-RTOE exact,Only 2 segments observed - weak evidence.
NWMT,100.0%,,,,,117,post-RTOE exact,Single entity across all 117 segments.
NWMT,100.0%,,,,,16,post-RTOE exact,Single entity across all 16 segments.
,,,,,,,,No post- or pre-RTOE Guzman tag segments found for this point with this provider.
,,,,,,,,No post- or pre-RTOE Guzman tag segments found for this point with this provider.
NWMT,100.0%,,,,,207,post-RTOE exact,Single entity across all 207 segments.
SWPW,97.2%,SWPP,2.8%,,,213,post-RTOE exact,Predominantly SWPW; other entities appear on different lines at this node.
,,,,,,,,No post- or pre-RTOE Guzman tag segments found for this point with this provider.
,,,,,,,,No post- or pre-RTOE Guzman tag segments found for this point with this provider.
,,,,,,,,
,,,,,,,,No post- or pre-RTOE Guzman tag segments found for this point with this provider.
,,,,,,,,No post- or pre-RTOE Guzman tag segments found for this point with this provider.
,,,,,,,,No post- or pre-RTOE Guzman tag segments found for this point with this provider.
,,,,,,,,No post- or pre-RTOE Guzman tag segments found for this point with this provider.
,,,,,,,,No post- or pre-RTOE Guzman tag segments found for this point with this provider.
,,,,,,,,No post- or pre-RTOE Guzman tag segments found for this point with this provider.
,,,,,,,,No post- or pre-RTOE Guzman tag segments found for this point with this provider.
WACM,50.0%,PACE,50.0%,,,16,pre-RTOE exact (fallback),No post-RTOE tags; pre-RTOE evidence only - RTOE may have reassigned this. Seam node: no single dominant entity (2 seen) - which applies depends on the line (POR-POD leg) being scheduled; all are valid.
SWPW,50.0%,PACE,50.0%,,,20,post-RTOE exact,Seam node: no single dominant entity (2 seen) - which applies depends on the line (POR-POD leg) being scheduled; all are valid.
,,,,,,,,No post- or pre-RTOE Guzman tag segments found for this point with this provider.
SWPW,100.0%,,,,,8,post-RTOE exact,Single entity across all 8 segments.
,,,,,,,,No post- or pre-RTOE Guzman tag segments found for this point with this provider.
NWMT,100.0%,,,,,8,post-RTOE exact,Single entity across all 8 segments.
,,,,,,,,No post- or pre-RTOE Guzman tag segments found for this point with this provider.
,,,,,,,,No post- or pre-RTOE Guzman tag segments found for this point with this provider.
NWMT,100.0%,,,,,28,post-RTOE exact,Single entity across all 28 segments.
,,,,,,,,No post- or pre-RTOE Guzman tag segments found for this point with this provider.
PACE,100.0%,,,,,8,pre-RTOE exact (fallback),No post-RTOE tags; pre-RTOE evidence only - RTOE may have reassigned this. Single entity across all 8 segments.
NWMT,100.0%,,,,,55,post-RTOE exact,Single entity across all 55 segments.
PACE,100.0%,,,,,49,post-RTOE exact,Single entity across all 49 segments.
,,,,,,,,No post- or pre-RTOE Guzman tag segments found for this point with this provider.
PACE,100.0%,,,,,10,post-RTOE exact,Single entity across all 10 segments.
,,,,,,,,No post- or pre-RTOE Guzman tag segments found for this point with this provider.
,,,,,,,,No post- or pre-RTOE Guzman tag segments found for this point with this provider.
,,,,,,,,No post- or pre-RTOE Guzman tag segments found for this point with this provider.
,,,,,,,,No post- or pre-RTOE Guzman tag segments found for this point with this provider.
,,,,,,,,
,,,,,,,,No post- or pre-RTOE Guzman tag segments found for this point with this provider.
,,,,,,,,No post- or pre-RTOE Guzman tag segments found for this point with this provider.
,,,,,,,,No post- or pre-RTOE Guzman tag segments found for this point with this provider.
,,,,,,,,
PACE,100.0%,,,,,4,post-RTOE exact,Single entity across all 4 segments.
NWMT,100.0%,,,,,2,post-RTOE exact,Only 2 segments observed - weak evidence.
IPCO,100.0%,,,,,2,post-RTOE exact,Only 2 segments observed - weak evidence.
,,,,,,,,No post- or pre-RTOE Guzman tag segments found for this point with this provider.
,,,,,,,,No post- or pre-RTOE Guzman tag segments found for this point with this provider.
,,,,,,,,No post- or pre-RTOE Guzman tag segments found for this point with this provider.
,,,,,,,,No post- or pre-RTOE Guzman tag segments found for this point with this provider.
,,,,,,,,No post- or pre-RTOE Guzman tag segments found for this point with this provider.
,,,,,,,,No post- or pre-RTOE Guzman tag segments found for this point with this provider.
,,,,,,,,No post- or pre-RTOE Guzman tag segments found for this point with this provider.
,,,,,,,,No post- or pre-RTOE Guzman tag segments found for this point with this provider.
,,,,,,,,No post- or pre-RTOE Guzman tag segments found for this point with this provider.
,,,,,,,,No post- or pre-RTOE Guzman tag segments found for this point with this provider.
,,,,,,,,No post- or pre-RTOE Guzman tag segments found for this point with this provider.
NWMT,50.0%,IPCO,25.0%,PACE,25.0%,108,post-RTOE exact,Seam node: no single dominant entity (3 seen) - which applies depends on the line (POR-POD leg) being scheduled; all are valid.
,,,,,,,,No post- or pre-RTOE Guzman tag segments found for this point with this provider.
,,,,,,,,No post- or pre-RTOE Guzman tag segments found for this point with this provider.
,,,,,,,,No post- or pre-RTOE Guzman tag segments found for this point with this provider.
,,,,,,,,No post- or pre-RTOE Guzman tag segments found for this point with this provider.
,,,,,,,,No post- or pre-RTOE Guzman tag segments found for this point with this provider.
,,,,,,,,
,,,,,,,,No post- or pre-RTOE Guzman tag segments found for this point with this provider.
,,,,,,,,No post- or pre-RTOE Guzman tag segments found for this point with this provider.
,,,,,,,,No post- or pre-RTOE Guzman tag segments found for this point with this provider.
NWMT,100.0%,,,,,1,pre-RTOE exact (fallback),No post-RTOE tags; pre-RTOE evidence only - RTOE may have reassigned this. Only 1 segment observed - weak evidence.
NWMT,100.0%,,,,,78,post-RTOE exact,Single entity across all 78 segments.
,,,,,,,,No post- or pre-RTOE Guzman tag segments found for this point with this provider.
,,,,,,,,No post- or pre-RTOE Guzman tag segments found for this point with this provider.
,,,,,,,,No post- or pre-RTOE Guzman tag segments found for this point with this provider.
,,,,,,,,No post- or pre-RTOE Guzman tag segments found for this point with this provider.
,,,,,,,,No post- or pre-RTOE Guzman tag segments found for this point with this provider.
,,,,,,,,No post- or pre-RTOE Guzman tag segments found for this point with this provider.
NWMT,100.0%,,,,,18,post-RTOE exact,Single entity across all 18 segments.
,,,,,,,,No post- or pre-RTOE Guzman tag segments found for this point with this provider.
NWMT,100.0%,,,,,16,post-RTOE exact,Single entity across all 16 segments.
NWMT,100.0%,,,,,2,post-RTOE exact,Only 2 segments observed - weak evidence.
,,,,,,,,No post- or pre-RTOE Guzman tag segments found for this point with this provider.
,,,,,,,,No post- or pre-RTOE Guzman tag segments found for this point with this provider.
,,,,,,,,No post- or pre-RTOE Guzman tag segments found for this point with this provider.
,,,,,,,,No post- or pre-RTOE Guzman tag segments found for this point with this provider.
,,,,,,,,No post- or pre-RTOE Guzman tag segments found for this point with this provider.
SWPW,100.0%,,,,,1,post-RTOE exact,Only 1 segment observed - weak evidence.
BHBA,100.0%,,,,,1,post-RTOE exact,Only 1 segment observed - weak evidence.
,,,,,,,,No post- or pre-RTOE Guzman tag segments found for this point with this provider.
,,,,,,,,No post- or pre-RTOE Guzman tag segments found for this point with this provider.
WACM,100.0%,,,,,5,pre-RTOE exact (fallback),No post-RTOE tags; pre-RTOE evidence only - RTOE may have reassigned this. Single entity across all 5 segments.
SWPW,100.0%,,,,,87,post-RTOE exact,Single entity across all 87 segments.
,,,,,,,,No post- or pre-RTOE Guzman tag segments found for this point with this provider.
,,,,,,,,No post- or pre-RTOE Guzman tag segments found for this point with this provider.
,,,,,,,,No post- or pre-RTOE Guzman tag segments found for this point with this provider.
BHBA,100.0%,,,,,23,post-RTOE exact,Single entity across all 23 segments.
WACM,100.0%,,,,,1,post-RTOE exact,Only 1 segment observed - weak evidence.
SWPW,100.0%,,,,,215,post-RTOE exact,Single entity across all 215 segments.
WACM,100.0%,,,,,1,post-RTOE exact,Only 1 segment observed - weak evidence.
PACE,100.0%,,,,,109,post-RTOE exact,Single entity across all 109 segments.
BHBA,99.6%,PACE,0.4%,,,457,post-RTOE exact,Predominantly BHBA; other entities appear on different lines at this node.
SWPW,99.7%,SWPP,0.3%,,,326,post-RTOE exact,Predominantly SWPW; other entities appear on different lines at this node.
,,,,,,,,No post- or pre-RTOE Guzman tag segments found for this point with this provider.
,,,,,,,,No post- or pre-RTOE Guzman tag segments found for this point with this provider.
,,,,,,,,No post- or pre-RTOE Guzman tag segments found for this point with this provider.
PACE,50.0%,WACM,50.0%,,,4,pre-RTOE exact (fallback),No post-RTOE tags; pre-RTOE evidence only - RTOE may have reassigned this. Seam node: no single dominant entity (2 seen) - which applies depends on the line (POR-POD leg) being scheduled; all are valid.
PACE,100.0%,,,,,1,pre-RTOE exact (fallback),No post-RTOE tags; pre-RTOE evidence only - RTOE may have reassigned this. Only 1 segment observed - weak evidence.
,,,,,,,,No post- or pre-RTOE Guzman tag segments found for this point with this provider.
,,,,,,,,No post- or pre-RTOE Guzman tag segments found for this point with this provider.
BHBA,100.0%,,,,,85,post-RTOE exact,Single entity across all 85 segments.
BHBA,99.5%,PACE,0.2%,WACM,0.2%,829,post-RTOE exact,Predominantly BHBA; other entities appear on different lines at this node.
,,,,,,,,No post- or pre-RTOE Guzman tag segments found for this point with this provider.
,,,,,,,,No post- or pre-RTOE Guzman tag segments found for this point with this provider.
BHBA,100.0%,,,,,4,post-RTOE exact,Single entity across all 4 segments.
,,,,,,,,No post- or pre-RTOE Guzman tag segments found for this point with this provider.
PACE,100.0%,,,,,61,post-RTOE exact,Single entity across all 61 segments.
,,,,,,,,No post- or pre-RTOE Guzman tag segments found for this point with this provider.
,,,,,,,,No post- or pre-RTOE Guzman tag segments found for this point with this provider.
,,,,,,,,No post- or pre-RTOE Guzman tag segments found for this point with this provider.
,,,,,,,,No post- or pre-RTOE Guzman tag segments found for this point with this provider.
,,,,,,,,No post- or pre-RTOE Guzman tag segments found for this point with this provider.
,,,,,,,,No post- or pre-RTOE Guzman tag segments found for this point with this provider.
PACE,100.0%,,,,,17,post-RTOE exact,Single entity across all 17 segments.
,,,,,,,,No post- or pre-RTOE Guzman tag segments found for this point with this provider.
WACM,100.0%,,,,,35,pre-RTOE exact (fallback),No post-RTOE tags; pre-RTOE evidence only - RTOE may have reassigned this. Single entity across all 35 segments.
,,,,,,,,No post- or pre-RTOE Guzman tag segments found for this point with this provider.
SWPW,100.0%,,,,,12,post-RTOE exact,Single entity across all 12 segments.
,,,,,,,,
,,,,,,,,No post- or pre-RTOE Guzman tag segments found for this point with this provider.
LDWP,100.0%,,,,,44,post-RTOE exact,Single entity across all 44 segments.
,,,,,,,,
,,,,,,,,No post- or pre-RTOE Guzman tag segments found for this point with this provider.
PACE,100.0%,,,,,317,post-RTOE exact,Single entity across all 317 segments.
,,,,,,,,No post- or pre-RTOE Guzman tag segments found for this point with this provider.
,,,,,,,,No post- or pre-RTOE Guzman tag segments found for this point with this provider.
,,,,,,,,No post- or pre-RTOE Guzman tag segments found for this point with this provider.
,,,,,,,,No post- or pre-RTOE Guzman tag segments found for this point with this provider.
,,,,,,,,No post- or pre-RTOE Guzman tag segments found for this point with this provider.
,,,,,,,,No post- or pre-RTOE Guzman tag segments found for this point with this provider.
PACE,100.0%,,,,,45,pre-RTOE exact (fallback),No post-RTOE tags; pre-RTOE evidence only - RTOE may have reassigned this. Single entity across all 45 segments.
,,,,,,,,No post- or pre-RTOE Guzman tag segments found for this point with this provider.
WACM,100.0%,,,,,45,pre-RTOE exact (fallback),No post-RTOE tags; pre-RTOE evidence only - RTOE may have reassigned this. Single entity across all 45 segments.
,,,,,,,,No post- or pre-RTOE Guzman tag segments found for this point with this provider.
,,,,,,,,No post- or pre-RTOE Guzman tag segments found for this point with this provider.
PACE,100.0%,,,,,5,pre-RTOE exact (fallback),No post-RTOE tags; pre-RTOE evidence only - RTOE may have reassigned this. Single entity across all 5 segments.
WACM,100.0%,,,,,9,pre-RTOE exact (fallback),No post-RTOE tags; pre-RTOE evidence only - RTOE may have reassigned this. Single entity across all 9 segments.
,,,,,,,,
,,,,,,,,No post- or pre-RTOE Guzman tag segments found for this point with this provider.
,,,,,,,,No post- or pre-RTOE Guzman tag segments found for this point with this provider.
PSCO,100.0%,,,,,16,post-RTOE exact,Single entity across all 16 segments.
,,,,,,,,No post- or pre-RTOE Guzman tag segments found for this point with this provider.
,,,,,,,,No post- or pre-RTOE Guzman tag segments found for this point with this provider.
PSCO,100.0%,,,,,7,pre-RTOE exact (fallback),No post-RTOE tags; pre-RTOE evidence only - RTOE may have reassigned this. Single entity across all 7 segments.
,,,,,,,,No post- or pre-RTOE Guzman tag segments found for this point with this provider.
,,,,,,,,No post- or pre-RTOE Guzman tag segments found for this point with this provider.
,,,,,,,,No post- or pre-RTOE Guzman tag segments found for this point with this provider.
PSCO,100.0%,,,,,7,pre-RTOE exact (fallback),No post-RTOE tags; pre-RTOE evidence only - RTOE may have reassigned this. Single entity across all 7 segments.
PSCO,100.0%,,,,,68,post-RTOE exact,Single entity across all 68 segments.
PSCO,100.0%,,,,,122,post-RTOE exact,Single entity across all 122 segments.
,,,,,,,,No post- or pre-RTOE Guzman tag segments found for this point with this provider.
PSCO,100.0%,,,,,182,post-RTOE exact,Single entity across all 182 segments.
PSCO,100.0%,,,,,28,post-RTOE exact,Single entity across all 28 segments.
PSCO,100.0%,,,,,28,post-RTOE exact,Single entity across all 28 segments.
,,,,,,,,No post- or pre-RTOE Guzman tag segments found for this point with this provider.
WACM,100.0%,,,,,37,pre-RTOE exact (fallback),No post-RTOE tags; pre-RTOE evidence only - RTOE may have reassigned this. Single entity across all 37 segments.
WACM,100.0%,,,,,39,pre-RTOE exact (fallback),No post-RTOE tags; pre-RTOE evidence only - RTOE may have reassigned this. Single entity across all 39 segments.
WACM,64.2%,PSCO,35.8%,,,360,pre-RTOE exact (fallback),No post-RTOE tags; pre-RTOE evidence only - RTOE may have reassigned this. Predominantly WACM; other entities appear on different lines at this node.
,,,,,,,,No post- or pre-RTOE Guzman tag segments found for this point with this provider.
WACM,100.0%,,,,,27,pre-RTOE exact (fallback),No post-RTOE tags; pre-RTOE evidence only - RTOE may have reassigned this. Single entity across all 27 segments.
WACM,100.0%,,,,,27,pre-RTOE exact (fallback),No post-RTOE tags; pre-RTOE evidence only - RTOE may have reassigned this. Single entity across all 27 segments.
,,,,,,,,No post- or pre-RTOE Guzman tag segments found for this point with this provider.
WACM,100.0%,,,,,67,pre-RTOE exact (fallback),No post-RTOE tags; pre-RTOE evidence only - RTOE may have reassigned this. Single entity across all 67 segments.
,,,,,,,,No post- or pre-RTOE Guzman tag segments found for this point with this provider.
,,,,,,,,No post- or pre-RTOE Guzman tag segments found for this point with this provider.
,,,,,,,,No post- or pre-RTOE Guzman tag segments found for this point with this provider.
,,,,,,,,No post- or pre-RTOE Guzman tag segments found for this point with this provider.
,,,,,,,,No post- or pre-RTOE Guzman tag segments found for this point with this provider.
,,,,,,,,No post- or pre-RTOE Guzman tag segments found for this point with this provider.
,,,,,,,,No post- or pre-RTOE Guzman tag segments found for this point with this provider.
,,,,,,,,No post- or pre-RTOE Guzman tag segments found for this point with this provider.
PSCO,100.0%,,,,,1143,post-RTOE exact,Single entity across all 1143 segments.
,,,,,,,,No post- or pre-RTOE Guzman tag segments found for this point with this provider.
,,,,,,,,No post- or pre-RTOE Guzman tag segments found for this point with this provider.
PSCO,100.0%,,,,,1179,post-RTOE exact,Single entity across all 1179 segments.
,,,,,,,,No post- or pre-RTOE Guzman tag segments found for this point with this provider.
,,,,,,,,No post- or pre-RTOE Guzman tag segments found for this point with this provider.
WACM,97.5%,PSCO,2.5%,,,396,pre-RTOE exact (fallback),No post-RTOE tags; pre-RTOE evidence only - RTOE may have reassigned this. Predominantly WACM; other entities appear on different lines at this node.
PSCO,58.4%,WACM,41.6%,,,202,pre-RTOE exact (fallback),No post-RTOE tags; pre-RTOE evidence only - RTOE may have reassigned this. Seam node: no single dominant entity (2 seen) - which applies depends on the line (POR-POD leg) being scheduled; all are valid.
WACM,100.0%,,,,,2,post-RTOE exact,Only 2 segments observed - weak evidence.
WACM,100.0%,,,,,2,post-RTOE exact,Only 2 segments observed - weak evidence.
WACM,100.0%,,,,,84,pre-RTOE exact (fallback),No post-RTOE tags; pre-RTOE evidence only - RTOE may have reassigned this. Single entity across all 84 segments.
,,,,,,,,No post- or pre-RTOE Guzman tag segments found for this point with this provider.
,,,,,,,,No post- or pre-RTOE Guzman tag segments found for this point with this provider.
PSCO,100.0%,,,,,2,post-RTOE exact,Only 2 segments observed - weak evidence.
,,,,,,,,No post- or pre-RTOE Guzman tag segments found for this point with this provider.
,,,,,,,,No post- or pre-RTOE Guzman tag segments found for this point with this provider.
,,,,,,,,No post- or pre-RTOE Guzman tag segments found for this point with this provider.
,,,,,,,,No post- or pre-RTOE Guzman tag segments found for this point with this provider.
,,,,,,,,No post- or pre-RTOE Guzman tag segments found for this point with this provider.
,,,,,,,,No post- or pre-RTOE Guzman tag segments found for this point with this provider.
,,,,,,,,No post- or pre-RTOE Guzman tag segments found for this point with this provider.
,,,,,,,,No post- or pre-RTOE Guzman tag segments found for this point with this provider.
WACM,93.2%,PSCO,6.8%,,,44,pre-RTOE exact (fallback),No post-RTOE tags; pre-RTOE evidence only - RTOE may have reassigned this. Predominantly WACM; other entities appear on different lines at this node.
PSCO,50.0%,SWPW,50.0%,,,264,post-RTOE exact,Seam node: no single dominant entity (2 seen) - which applies depends on the line (POR-POD leg) being scheduled; all are valid.
,,,,,,,,No post- or pre-RTOE Guzman tag segments found for this point with this provider.
,,,,,,,,No post- or pre-RTOE Guzman tag segments found for this point with this provider.
,,,,,,,,No post- or pre-RTOE Guzman tag segments found for this point with this provider.
,,,,,,,,No post- or pre-RTOE Guzman tag segments found for this point with this provider.
PSCO,100.0%,,,,,1,post-RTOE exact,Only 1 segment observed - weak evidence.
WACM,100.0%,,,,,2,post-RTOE exact,Only 2 segments observed - weak evidence.
,,,,,,,,No post- or pre-RTOE Guzman tag segments found for this point with this provider.
,,,,,,,,No post- or pre-RTOE Guzman tag segments found for this point with this provider.
,,,,,,,,No post- or pre-RTOE Guzman tag segments found for this point with this provider.
,,,,,,,,No post- or pre-RTOE Guzman tag segments found for this point with this provider.
,,,,,,,,No post- or pre-RTOE Guzman tag segments found for this point with this provider.
SWPW,100.0%,,,,,191,post-RTOE exact,Single entity across all 191 segments.
PSCO,100.0%,,,,,596,post-RTOE exact,Single entity across all 596 segments.
PSCO,100.0%,,,,,9,post-RTOE exact,Single entity across all 9 segments.
PSCO,100.0%,,,,,9,post-RTOE exact,Single entity across all 9 segments.
PSCO,100.0%,,,,,870,post-RTOE exact,Single entity across all 870 segments.
PSCO,100.0%,,,,,604,post-RTOE exact,Single entity across all 604 segments.
PSCO,100.0%,,,,,999,post-RTOE exact,Single entity across all 999 segments.
,,,,,,,,No post- or pre-RTOE Guzman tag segments found for this point with this provider.
,,,,,,,,No post- or pre-RTOE Guzman tag segments found for this point with this provider.
,,,,,,,,No post- or pre-RTOE Guzman tag segments found for this point with this provider.
,,,,,,,,No post- or pre-RTOE Guzman tag segments found for this point with this provider.
,,,,,,,,No post- or pre-RTOE Guzman tag segments found for this point with this provider.
SWPW,100.0%,,,,,2277,post-RTOE exact,Single entity across all 2277 segments.
,,,,,,,,No post- or pre-RTOE Guzman tag segments found for this point with this provider.
,,,,,,,,No post- or pre-RTOE Guzman tag segments found for this point with this provider.
PSCO,100.0%,,,,,748,post-RTOE exact,Single entity across all 748 segments.
WACM,100.0%,,,,,84,pre-RTOE exact (fallback),No post-RTOE tags; pre-RTOE evidence only - RTOE may have reassigned this. Single entity across all 84 segments.
PSCO,100.0%,,,,,2268,post-RTOE exact,Single entity across all 2268 segments.
,,,,,,,,No post- or pre-RTOE Guzman tag segments found for this point with this provider.
WACM,100.0%,,,,,5,post-RTOE exact,Single entity across all 5 segments.
PSCO,99.5%,WACM,0.5%,,,652,post-RTOE exact,Predominantly PSCO; other entities appear on different lines at this node.
,,,,,,,,No post- or pre-RTOE Guzman tag segments found for this point with this provider.
,,,,,,,,No post- or pre-RTOE Guzman tag segments found for this point with this provider.
,,,,,,,,No post- or pre-RTOE Guzman tag segments found for this point with this provider.
,,,,,,,,No post- or pre-RTOE Guzman tag segments found for this point with this provider.
WACM,100.0%,,,,,1,pre-RTOE exact (fallback),No post-RTOE tags; pre-RTOE evidence only - RTOE may have reassigned this. Only 1 segment observed - weak evidence.
WACM,100.0%,,,,,1,pre-RTOE exact (fallback),No post-RTOE tags; pre-RTOE evidence only - RTOE may have reassigned this. Only 1 segment observed - weak evidence.
,,,,,,,,No post- or pre-RTOE Guzman tag segments found for this point with this provider.
,,,,,,,,No post- or pre-RTOE Guzman tag segments found for this point with this provider.
,,,,,,,,No post- or pre-RTOE Guzman tag segments found for this point with this provider.
,,,,,,,,No post- or pre-RTOE Guzman tag segments found for this point with this provider.
,,,,,,,,No post- or pre-RTOE Guzman tag segments found for this point with this provider.
,,,,,,,,No post- or pre-RTOE Guzman tag segments found for this point with this provider.
PSCO,100.0%,,,,,1822,post-RTOE exact,Single entity across all 1822 segments.
PSCO,100.0%,,,,,186,pre-RTOE exact (fallback),No post-RTOE tags; pre-RTOE evidence only - RTOE may have reassigned this. Single entity across all 186 segments.
,,,,,,,,No post- or pre-RTOE Guzman tag segments found for this point with this provider.
,,,,,,,,No post- or pre-RTOE Guzman tag segments found for this point with this provider.
,,,,,,,,No post- or pre-RTOE Guzman tag segments found for this point with this provider.
,,,,,,,,No post- or pre-RTOE Guzman tag segments found for this point with this provider.
WACM,100.0%,,,,,11,pre-RTOE exact (fallback),No post-RTOE tags; pre-RTOE evidence only - RTOE may have reassigned this. Single entity across all 11 segments.
PSCO,61.3%,WACM,38.7%,,,199,pre-RTOE exact (fallback),No post-RTOE tags; pre-RTOE evidence only - RTOE may have reassigned this. Predominantly PSCO; other entities appear on different lines at this node.
,,,,,,,,No post- or pre-RTOE Guzman tag segments found for this point with this provider.
,,,,,,,,No post- or pre-RTOE Guzman tag segments found for this point with this provider.
,,,,,,,,No post- or pre-RTOE Guzman tag segments found for this point with this provider.
SWPW,100.0%,,,,,561,post-RTOE exact,Single entity across all 561 segments.
PSCO,100.0%,,,,,731,post-RTOE exact,Single entity across all 731 segments.
SWPW,100.0%,,,,,162,post-RTOE exact,Single entity across all 162 segments.
WACM,100.0%,,,,,680,pre-RTOE exact (fallback),No post-RTOE tags; pre-RTOE evidence only - RTOE may have reassigned this. Single entity across all 680 segments.
,,,,,,,,No post- or pre-RTOE Guzman tag segments found for this point with this provider.
WACM,50.0%,PACE,50.0%,,,54,pre-RTOE exact (fallback),No post-RTOE tags; pre-RTOE evidence only - RTOE may have reassigned this. Seam node: no single dominant entity (2 seen) - which applies depends on the line (POR-POD leg) being scheduled; all are valid.
WACM,100.0%,,,,,4,pre-RTOE exact (fallback),No post-RTOE tags; pre-RTOE evidence only - RTOE may have reassigned this. Single entity across all 4 segments.
,,,,,,,,No post- or pre-RTOE Guzman tag segments found for this point with this provider.
,,,,,,,,
,,,,,,,,No post- or pre-RTOE Guzman tag segments found for this point with this provider.
,,,,,,,,No post- or pre-RTOE Guzman tag segments found for this point with this provider.
,,,,,,,,No post- or pre-RTOE Guzman tag segments found for this point with this provider.
,,,,,,,,No post- or pre-RTOE Guzman tag segments found for this point with this provider.
,,,,,,,,No post- or pre-RTOE Guzman tag segments found for this point with this provider.
,,,,,,,,No post- or pre-RTOE Guzman tag segments found for this point with this provider.
,,,,,,,,No post- or pre-RTOE Guzman tag segments found for this point with this provider.
,,,,,,,,No post- or pre-RTOE Guzman tag segments found for this point with this provider.
,,,,,,,,No post- or pre-RTOE Guzman tag segments found for this point with this provider.
PSCO,100.0%,,,,,174,post-RTOE exact,Single entity across all 174 segments.
PSCO,100.0%,,,,,174,post-RTOE exact,Single entity across all 174 segments.
,,,,,,,,No post- or pre-RTOE Guzman tag segments found for this point with this provider.
,,,,,,,,
PSCO,62.3%,PNM,37.7%,,,1782,post-RTOE exact,Predominantly PSCO; other entities appear on different lines at this node.
,,,,,,,,No post- or pre-RTOE Guzman tag segments found for this point with this provider.
,,,,,,,,No post- or pre-RTOE Guzman tag segments found for this point with this provider.
,,,,,,,,No post- or pre-RTOE Guzman tag segments found for this point with this provider.
TEPC,100.0%,,,,,3,post-RTOE exact,Single entity across all 3 segments.
WALC,100.0%,,,,,3,post-RTOE exact,Single entity across all 3 segments.
WALC,100.0%,,,,,132,post-RTOE exact,Single entity across all 132 segments.
,,,,,,,,No post- or pre-RTOE Guzman tag segments found for this point with this provider.
,,,,,,,,No post- or pre-RTOE Guzman tag segments found for this point with this provider.
WALC,100.0%,,,,,2,post-RTOE exact,Only 2 segments observed - weak evidence.
,,,,,,,,No post- or pre-RTOE Guzman tag segments found for this point with this provider.
,,,,,,,,No post- or pre-RTOE Guzman tag segments found for this point with this provider.
,,,,,,,,No post- or pre-RTOE Guzman tag segments found for this point with this provider.
,,,,,,,,No post- or pre-RTOE Guzman tag segments found for this point with this provider.
,,,,,,,,No post- or pre-RTOE Guzman tag segments found for this point with this provider.
,,,,,,,,No post- or pre-RTOE Guzman tag segments found for this point with this provider.
,,,,,,,,No post- or pre-RTOE Guzman tag segments found for this point with this provider.
SRP,66.7%,TEPC,33.3%,,,3,post-RTOE exact,Predominantly SRP; other entities appear on different lines at this node.
TEPC,100.0%,,,,,1,post-RTOE exact,Only 1 segment observed - weak evidence.
,,,,,,,,No post- or pre-RTOE Guzman tag segments found for this point with this provider.
,,,,,,,,No post- or pre-RTOE Guzman tag segments found for this point with this provider.
,,,,,,,,No post- or pre-RTOE Guzman tag segments found for this point with this provider.
,,,,,,,,No post- or pre-RTOE Guzman tag segments found for this point with this provider.
TEPC,79.2%,WALC,20.8%,,,24,post-RTOE exact,Predominantly TEPC; other entities appear on different lines at this node.
,,,,,,,,No post- or pre-RTOE Guzman tag segments found for this point with this provider.
,,,,,,,,No post- or pre-RTOE Guzman tag segments found for this point with this provider.
,,,,,,,,No post- or pre-RTOE Guzman tag segments found for this point with this provider.
TEPC,100.0%,,,,,26,post-RTOE exact,Single entity across all 26 segments.
,,,,,,,,No post- or pre-RTOE Guzman tag segments found for this point with this provider.
SRP,100.0%,,,,,37,post-RTOE exact,Single entity across all 37 segments.
SRP,100.0%,,,,,7,post-RTOE exact,Single entity across all 7 segments.
SRP,100.0%,,,,,7,post-RTOE exact,Single entity across all 7 segments.
SRP,100.0%,,,,,69,post-RTOE exact,Single entity across all 69 segments.
,,,,,,,,No post- or pre-RTOE Guzman tag segments found for this point with this provider.
AZPS,79.8%,SRP,20.2%,,,104,post-RTOE exact,Predominantly AZPS; other entities appear on different lines at this node.
,,,,,,,,No post- or pre-RTOE Guzman tag segments found for this point with this provider.
,,,,,,,,No post- or pre-RTOE Guzman tag segments found for this point with this provider.
WALC,100.0%,,,,,10,post-RTOE exact,Single entity across all 10 segments.
,,,,,,,,No post- or pre-RTOE Guzman tag segments found for this point with this provider.
,,,,,,,,No post- or pre-RTOE Guzman tag segments found for this point with this provider.
,,,,,,,,No post- or pre-RTOE Guzman tag segments found for this point with this provider.
WALC,100.0%,,,,,10,post-RTOE exact,Single entity across all 10 segments.
SRP,100.0%,,,,,8,post-RTOE exact,Single entity across all 8 segments.
,,,,,,,,No post- or pre-RTOE Guzman tag segments found for this point with this provider.
,,,,,,,,No post- or pre-RTOE Guzman tag segments found for this point with this provider.
WALC,100.0%,,,,,23,post-RTOE exact,Single entity across all 23 segments.
,,,,,,,,No post- or pre-RTOE Guzman tag segments found for this point with this provider.
WACM,100.0%,,,,,54,pre-RTOE exact (fallback),No post-RTOE tags; pre-RTOE evidence only - RTOE may have reassigned this. Single entity across all 54 segments.
PACE,100.0%,,,,,13,post-RTOE exact,Single entity across all 13 segments.
,,,,,,,,No post- or pre-RTOE Guzman tag segments found for this point with this provider.
SWPW,100.0%,,,,,13,post-RTOE exact,Single entity across all 13 segments.
,,,,,,,,No post- or pre-RTOE Guzman tag segments found for this point with this provider.
,,,,,,,,No post- or pre-RTOE Guzman tag segments found for this point with this provider.
,,,,,,,,No post- or pre-RTOE Guzman tag segments found for this point with this provider.
,,,,,,,,No post- or pre-RTOE Guzman tag segments found for this point with this provider.
,,,,,,,,No post- or pre-RTOE Guzman tag segments found for this point with this provider.
,,,,,,,,No post- or pre-RTOE Guzman tag segments found for this point with this provider.
,,,,,,,,No post- or pre-RTOE Guzman tag segments found for this point with this provider.
SRP,100.0%,,,,,1,post-RTOE exact,Only 1 segment observed - weak evidence.
SRP,100.0%,,,,,1,post-RTOE exact,Only 1 segment observed - weak evidence.
,,,,,,,,No post- or pre-RTOE Guzman tag segments found for this point with this provider.
SRP,100.0%,,,,,1,post-RTOE exact,Only 1 segment observed - weak evidence.
AZPS,100.0%,,,,,1,post-RTOE exact,Only 1 segment observed - weak evidence.
,,,,,,,,No post- or pre-RTOE Guzman tag segments found for this point with this provider.
,,,,,,,,No post- or pre-RTOE Guzman tag segments found for this point with this provider.
,,,,,,,,No post- or pre-RTOE Guzman tag segments found for this point with this provider.
,,,,,,,,No post- or pre-RTOE Guzman tag segments found for this point with this provider.
WACM,100.0%,,,,,34,pre-RTOE exact (fallback),No post-RTOE tags; pre-RTOE evidence only - RTOE may have reassigned this. Single entity across all 34 segments.
,,,,,,,,No post- or pre-RTOE Guzman tag segments found for this point with this provider.
,,,,,,,,No post- or pre-RTOE Guzman tag segments found for this point with this provider.
,,,,,,,,No post- or pre-RTOE Guzman tag segments found for this point with this provider.
,,,,,,,,No post- or pre-RTOE Guzman tag segments found for this point with this provider.
,,,,,,,,No post- or pre-RTOE Guzman tag segments found for this point with this provider.
,,,,,,,,No post- or pre-RTOE Guzman tag segments found for this point with this provider.
,,,,,,,,No post- or pre-RTOE Guzman tag segments found for this point with this provider.
,,,,,,,,No post- or pre-RTOE Guzman tag segments found for this point with this provider.
,,,,,,,,No post- or pre-RTOE Guzman tag segments found for this point with this provider.
TEPC,100.0%,,,,,2,post-RTOE exact,Only 2 segments observed - weak evidence.
WALC,100.0%,,,,,2,post-RTOE exact,Only 2 segments observed - weak evidence.
,,,,,,,,No post- or pre-RTOE Guzman tag segments found for this point with this provider.
,,,,,,,,No post- or pre-RTOE Guzman tag segments found for this point with this provider.
WALC,100.0%,,,,,1,post-RTOE exact,Only 1 segment observed - weak evidence.
AZPS,100.0%,,,,,1,post-RTOE exact,Only 1 segment observed - weak evidence.
AZPS,100.0%,,,,,3,post-RTOE exact,Single entity across all 3 segments.
AZPS,100.0%,,,,,21,post-RTOE exact,Single entity across all 21 segments.
SRP,94.7%,AZPS,5.3%,,,870,post-RTOE exact,Predominantly SRP; other entities appear on different lines at this node.
SRP,100.0%,,,,,253,post-RTOE exact,Single entity across all 253 segments.
SRP,100.0%,,,,,243,post-RTOE exact,Single entity across all 243 segments.
SRP,100.0%,,,,,585,post-RTOE exact,Single entity across all 585 segments.
SRP,100.0%,,,,,2707,post-RTOE exact,Single entity across all 2707 segments.
SRP,66.7%,CISO,33.3%,,,135,post-RTOE exact,Predominantly SRP; other entities appear on different lines at this node.
SRP,100.0%,,,,,910,post-RTOE exact,Single entity across all 910 segments.
AZPS,100.0%,,,,,3,post-RTOE exact,Single entity across all 3 segments.
SRP,54.5%,AZPS,45.5%,,,466,post-RTOE exact,Seam node: no single dominant entity (2 seen) - which applies depends on the line (POR-POD leg) being scheduled; all are valid.
,,,,,,,,No post- or pre-RTOE Guzman tag segments found for this point with this provider.
,,,,,,,,No post- or pre-RTOE Guzman tag segments found for this point with this provider.
,,,,,,,,No post- or pre-RTOE Guzman tag segments found for this point with this provider.
,,,,,,,,No post- or pre-RTOE Guzman tag segments found for this point with this provider.
,,,,,,,,No post- or pre-RTOE Guzman tag segments found for this point with this provider.
,,,,,,,,No post- or pre-RTOE Guzman tag segments found for this point with this provider.
,,,,,,,,No post- or pre-RTOE Guzman tag segments found for this point with this provider.
SRP,50.1%,TEPC,49.9%,,,4591,post-RTOE exact,Seam node: no single dominant entity (2 seen) - which applies depends on the line (POR-POD leg) being scheduled; all are valid.
TEPC,51.0%,SRP,49.0%,,,441,post-RTOE exact,Seam node: no single dominant entity (2 seen) - which applies depends on the line (POR-POD leg) being scheduled; all are valid.
,,,,,,,,No post- or pre-RTOE Guzman tag segments found for this point with this provider.
,,,,,,,,No post- or pre-RTOE Guzman tag segments found for this point with this provider.
,,,,,,,,
TEPC,100.0%,,,,,276,post-RTOE exact,Single entity across all 276 segments.
AZPS,100.0%,,,,,145,post-RTOE exact,Single entity across all 145 segments.
,,,,,,,,No post- or pre-RTOE Guzman tag segments found for this point with this provider.
,,,,,,,,No post- or pre-RTOE Guzman tag segments found for this point with this provider.
,,,,,,,,No post- or pre-RTOE Guzman tag segments found for this point with this provider.
,,,,,,,,No post- or pre-RTOE Guzman tag segments found for this point with this provider.
,,,,,,,,No post- or pre-RTOE Guzman tag segments found for this point with this provider.
,,,,,,,,No post- or pre-RTOE Guzman tag segments found for this point with this provider.
,,,,,,,,No post- or pre-RTOE Guzman tag segments found for this point with this provider.
,,,,,,,,No post- or pre-RTOE Guzman tag segments found for this point with this provider.
,,,,,,,,No post- or pre-RTOE Guzman tag segments found for this point with this provider.
TEPC,100.0%,,,,,1,post-RTOE exact,Only 1 segment observed - weak evidence.
EPE,59.0%,TEPC,41.0%,,,83,post-RTOE exact,Seam node: no single dominant entity (2 seen) - which applies depends on the line (POR-POD leg) being scheduled; all are valid.
TEPC,100.0%,,,,,4840,post-RTOE exact,Single entity across all 4840 segments.
,,,,,,,,No post- or pre-RTOE Guzman tag segments found for this point with this provider.
,,,,,,,,
,,,,,,,,No post- or pre-RTOE Guzman tag segments found for this point with this provider.
,,,,,,,,No post- or pre-RTOE Guzman tag segments found for this point with this provider.
,,,,,,,,No post- or pre-RTOE Guzman tag segments found for this point with this provider.
WALC,100.0%,,,,,6,post-RTOE exact,Single entity across all 6 segments.
TEPC,88.4%,AZPS,11.6%,,,121,post-RTOE exact,Predominantly TEPC; other entities appear on different lines at this node.
SRP,100.0%,,,,,5,post-RTOE exact,Single entity across all 5 segments.
AZPS,60.8%,WALC,39.2%,,,768,post-RTOE exact,Predominantly AZPS; other entities appear on different lines at this node.
AZPS,50.0%,SRP,41.9%,WALC,8.1%,1068,post-RTOE exact,Seam node: no single dominant entity (3 seen) - which applies depends on the line (POR-POD leg) being scheduled; all are valid.
TEPC,67.5%,AZPS,32.5%,,,255,post-RTOE exact,Predominantly TEPC; other entities appear on different lines at this node.
AZPS,66.7%,WALC,33.3%,,,12,post-RTOE exact,Predominantly AZPS; other entities appear on different lines at this node.
SRP,64.7%,AZPS,35.3%,,,17,post-RTOE exact,Predominantly SRP; other entities appear on different lines at this node.
AZPS,60.1%,WALC,21.5%,SRP,18.5%,666,post-RTOE exact,Predominantly AZPS; other entities appear on different lines at this node.
TEPC,70.6%,WALC,29.4%,,,462,post-RTOE exact,Predominantly TEPC; other entities appear on different lines at this node.
,,,,,,,,No post- or pre-RTOE Guzman tag segments found for this point with this provider.
,,,,,,,,No post- or pre-RTOE Guzman tag segments found for this point with this provider.
SRP,100.0%,,,,,9,post-RTOE exact,Single entity across all 9 segments.
,,,,,,,,No post- or pre-RTOE Guzman tag segments found for this point with this provider.
,,,,,,,,No post- or pre-RTOE Guzman tag segments found for this point with this provider.
AZPS,50.6%,WALC,49.4%,,,771,post-RTOE exact,Seam node: no single dominant entity (2 seen) - which applies depends on the line (POR-POD leg) being scheduled; all are valid.
AZPS,100.0%,,,,,4,post-RTOE exact,Single entity across all 4 segments.
,,,,,,,,No post- or pre-RTOE Guzman tag segments found for this point with this provider.
,,,,,,,,No post- or pre-RTOE Guzman tag segments found for this point with this provider.
,,,,,,,,No post- or pre-RTOE Guzman tag segments found for this point with this provider.
PNM,100.0%,,,,,1189,post-RTOE exact,Single entity across all 1189 segments.
,,,,,,,,No post- or pre-RTOE Guzman tag segments found for this point with this provider.
,,,,,,,,No post- or pre-RTOE Guzman tag segments found for this point with this provider.
,,,,,,,,No post- or pre-RTOE Guzman tag segments found for this point with this provider.
,,,,,,,,No post- or pre-RTOE Guzman tag segments found for this point with this provider.
,,,,,,,,No post- or pre-RTOE Guzman tag segments found for this point with this provider.
,,,,,,,,
,,,,,,,,
,,,,,,,,No post- or pre-RTOE Guzman tag segments found for this point with this provider.
,,,,,,,,No post- or pre-RTOE Guzman tag segments found for this point with this provider.
,,,,,,,,No post- or pre-RTOE Guzman tag segments found for this point with this provider.
,,,,,,,,No post- or pre-RTOE Guzman tag segments found for this point with this provider.
,,,,,,,,No post- or pre-RTOE Guzman tag segments found for this point with this provider.
,,,,,,,,No post- or pre-RTOE Guzman tag segments found for this point with this provider.
,,,,,,,,No post- or pre-RTOE Guzman tag segments found for this point with this provider.
,,,,,,,,No post- or pre-RTOE Guzman tag segments found for this point with this provider.
,,,,,,,,No post- or pre-RTOE Guzman tag segments found for this point with this provider.
,,,,,,,,No post- or pre-RTOE Guzman tag segments found for this point with this provider.
,,,,,,,,No post- or pre-RTOE Guzman tag segments found for this point with this provider.
,,,,,,,,No post- or pre-RTOE Guzman tag segments found for this point with this provider.
,,,,,,,,No post- or pre-RTOE Guzman tag segments found for this point with this provider.
,,,,,,,,No post- or pre-RTOE Guzman tag segments found for this point with this provider.
SWPW,100.0%,,,,,1169,post-RTOE exact,Single entity across all 1169 segments.
PACE,100.0%,,,,,330,post-RTOE exact,Single entity across all 330 segments.
AZPS,66.7%,WACM,33.3%,,,3,post-RTOE exact,Predominantly AZPS; other entities appear on different lines at this node.
PNM,66.0%,AZPS,34.0%,,,188,post-RTOE exact,Predominantly PNM; other entities appear on different lines at this node.
,,,,,,,,No post- or pre-RTOE Guzman tag segments found for this point with this provider.
,,,,,,,,No post- or pre-RTOE Guzman tag segments found for this point with this provider.
,,,,,,,,No post- or pre-RTOE Guzman tag segments found for this point with this provider.
AZPS,73.4%,PNM,18.0%,SWPW,8.6%,3122,post-RTOE exact,Predominantly AZPS; other entities appear on different lines at this node.
AZPS,57.4%,PNM,42.6%,,,4216,post-RTOE exact,Seam node: no single dominant entity (2 seen) - which applies depends on the line (POR-POD leg) being scheduled; all are valid.
PNM,60.2%,AZPS,39.4%,WACM,0.4%,269,pre-RTOE exact (fallback),No post-RTOE tags; pre-RTOE evidence only - RTOE may have reassigned this. Predominantly PNM; other entities appear on different lines at this node.
AZPS,100.0%,,,,,332,post-RTOE exact,Single entity across all 332 segments.
,,,,,,,,No post- or pre-RTOE Guzman tag segments found for this point with this provider.
,,,,,,,,No post- or pre-RTOE Guzman tag segments found for this point with this provider.
,,,,,,,,No post- or pre-RTOE Guzman tag segments found for this point with this provider.
,,,,,,,,No post- or pre-RTOE Guzman tag segments found for this point with this provider.
,,,,,,,,No post- or pre-RTOE Guzman tag segments found for this point with this provider.
,,,,,,,,No post- or pre-RTOE Guzman tag segments found for this point with this provider.
,,,,,,,,No post- or pre-RTOE Guzman tag segments found for this point with this provider.
,,,,,,,,No post- or pre-RTOE Guzman tag segments found for this point with this provider.
,,,,,,,,No post- or pre-RTOE Guzman tag segments found for this point with this provider.
,,,,,,,,No post- or pre-RTOE Guzman tag segments found for this point with this provider.
,,,,,,,,No post- or pre-RTOE Guzman tag segments found for this point with this provider.
,,,,,,,,No post- or pre-RTOE Guzman tag segments found for this point with this provider.
,,,,,,,,No post- or pre-RTOE Guzman tag segments found for this point with this provider.
,,,,,,,,No post- or pre-RTOE Guzman tag segments found for this point with this provider.
,,,,,,,,No post- or pre-RTOE Guzman tag segments found for this point with this provider.
,,,,,,,,No post- or pre-RTOE Guzman tag segments found for this point with this provider.
,,,,,,,,No post- or pre-RTOE Guzman tag segments found for this point with this provider.
,,,,,,,,No post- or pre-RTOE Guzman tag segments found for this point with this provider.
,,,,,,,,No post- or pre-RTOE Guzman tag segments found for this point with this provider.
,,,,,,,,No post- or pre-RTOE Guzman tag segments found for this point with this provider.
,,,,,,,,No post- or pre-RTOE Guzman tag segments found for this point with this provider.
,,,,,,,,No post- or pre-RTOE Guzman tag segments found for this point with this provider.
PNM,100.0%,,,,,1425,post-RTOE exact,Single entity across all 1425 segments.
PNM,100.0%,,,,,1427,post-RTOE exact,Single entity across all 1427 segments.
,,,,,,,,No post- or pre-RTOE Guzman tag segments found for this point with this provider.
,,,,,,,,No post- or pre-RTOE Guzman tag segments found for this point with this provider.
WACM,100.0%,,,,,71,pre-RTOE exact (fallback),No post-RTOE tags; pre-RTOE evidence only - RTOE may have reassigned this. Single entity across all 71 segments.
,,,,,,,,No post- or pre-RTOE Guzman tag segments found for this point with this provider.
,,,,,,,,No post- or pre-RTOE Guzman tag segments found for this point with this provider.
WACM,50.9%,PNM,49.1%,,,1547,pre-RTOE exact (fallback),No post-RTOE tags; pre-RTOE evidence only - RTOE may have reassigned this. Seam node: no single dominant entity (2 seen) - which applies depends on the line (POR-POD leg) being scheduled; all are valid.
,,,,,,,,No post- or pre-RTOE Guzman tag segments found for this point with this provider.
,,,,,,,,No post- or pre-RTOE Guzman tag segments found for this point with this provider.
,,,,,,,,No post- or pre-RTOE Guzman tag segments found for this point with this provider.
,,,,,,,,No post- or pre-RTOE Guzman tag segments found for this point with this provider.
,,,,,,,,No post- or pre-RTOE Guzman tag segments found for this point with this provider.
PNM,100.0%,,,,,1116,post-RTOE exact,Single entity across all 1116 segments.
,,,,,,,,No post- or pre-RTOE Guzman tag segments found for this point with this provider.
,,,,,,,,
,,,,,,,,No post- or pre-RTOE Guzman tag segments found for this point with this provider.
,,,,,,,,No post- or pre-RTOE Guzman tag segments found for this point with this provider.
,,,,,,,,No post- or pre-RTOE Guzman tag segments found for this point with this provider.
,,,,,,,,No post- or pre-RTOE Guzman tag segments found for this point with this provider.
,,,,,,,,
BCHA,100.0%,,,,,19,post-RTOE exact,Single entity across all 19 segments.
,,,,,,,,No post- or pre-RTOE Guzman tag segments found for this point with this provider.
,,,,,,,,No post- or pre-RTOE Guzman tag segments found for this point with this provider.
,,,,,,,,No post- or pre-RTOE Guzman tag segments found for this point with this provider.
,,,,,,,,No post- or pre-RTOE Guzman tag segments found for this point with this provider.
,,,,,,,,No post- or pre-RTOE Guzman tag segments found for this point with this provider.
,,,,,,,,
BCHA,100.0%,,,,,61,post-RTOE exact,Single entity across all 61 segments.
BPAT,100.0%,,,,,61,post-RTOE exact,Single entity across all 61 segments.
,,,,,,,,No post- or pre-RTOE Guzman tag segments found for this point with this provider.
,,,,,,,,No post- or pre-RTOE Guzman tag segments found for this point with this provider.
,,,,,,,,No post- or pre-RTOE Guzman tag segments found for this point with this provider.
,,,,,,,,No post- or pre-RTOE Guzman tag segments found for this point with this provider.
BCHA,100.0%,,,,,40,post-RTOE exact,Single entity across all 40 segments.
,,,,,,,,No post- or pre-RTOE Guzman tag segments found for this point with this provider.
,,,,,,,,No post- or pre-RTOE Guzman tag segments found for this point with this provider.
,,,,,,,,No post- or pre-RTOE Guzman tag segments found for this point with this provider.
,,,,,,,,No post- or pre-RTOE Guzman tag segments found for this point with this provider.
BCHA,100.0%,,,,,2,post-RTOE exact,Only 2 segments observed - weak evidence.
,,,,,,,,No post- or pre-RTOE Guzman tag segments found for this point with this provider.
,,,,,,,,No post- or pre-RTOE Guzman tag segments found for this point with this provider.
,,,,,,,,No post- or pre-RTOE Guzman tag segments found for this point with this provider.
,,,,,,,,No post- or pre-RTOE Guzman tag segments found for this point with this provider.
WACM,100.0%,,,,,1,pre-RTOE exact (fallback),No post-RTOE tags; pre-RTOE evidence only - RTOE may have reassigned this. Only 1 segment observed - weak evidence.
WACM,100.0%,,,,,34,pre-RTOE exact (fallback),No post-RTOE tags; pre-RTOE evidence only - RTOE may have reassigned this. Single entity across all 34 segments.
SWPW,100.0%,,,,,18,post-RTOE exact,Single entity across all 18 segments.
WACM,100.0%,,,,,26,pre-RTOE exact (fallback),No post-RTOE tags; pre-RTOE evidence only - RTOE may have reassigned this. Single entity across all 26 segments.
,,,,,,,,No post- or pre-RTOE Guzman tag segments found for this point with this provider.
,,,,,,,,No post- or pre-RTOE Guzman tag segments found for this point with this provider.
,,,,,,,,No post- or pre-RTOE Guzman tag segments found for this point with this provider.
,,,,,,,,No post- or pre-RTOE Guzman tag segments found for this point with this provider.
SWPW,100.0%,,,,,221,post-RTOE exact,Single entity across all 221 segments.
WACM,100.0%,,,,,109,pre-RTOE exact (fallback),No post-RTOE tags; pre-RTOE evidence only - RTOE may have reassigned this. Single entity across all 109 segments.
BHBA,100.0%,,,,,385,post-RTOE exact,Single entity across all 385 segments.
SWPW,100.0%,,,,,152,post-RTOE exact,Single entity across all 152 segments.
WACM,100.0%,,,,,36,pre-RTOE exact (fallback),No post-RTOE tags; pre-RTOE evidence only - RTOE may have reassigned this. Single entity across all 36 segments.
,,,,,,,,No post- or pre-RTOE Guzman tag segments found for this point with this provider.
,,,,,,,,No post- or pre-RTOE Guzman tag segments found for this point with this provider.
,,,,,,,,No post- or pre-RTOE Guzman tag segments found for this point with this provider.
,,,,,,,,No post- or pre-RTOE Guzman tag segments found for this point with this provider.
,,,,,,,,No post- or pre-RTOE Guzman tag segments found for this point with this provider.
,,,,,,,,No post- or pre-RTOE Guzman tag segments found for this point with this provider.
SWPP,100.0%,,,,,591,post-RTOE exact,Single entity across all 591 segments.
,,,,,,,,No post- or pre-RTOE Guzman tag segments found for this point with this provider.
,,,,,,,,No post- or pre-RTOE Guzman tag segments found for this point with this provider.
BHBA,99.7%,WACM,0.3%,,,591,post-RTOE exact,Predominantly BHBA; other entities appear on different lines at this node.
,,,,,,,,No post- or pre-RTOE Guzman tag segments found for this point with this provider.
,,,,,,,,
,,,,,,,,
,,,,,,,,
,,,,,,,,
,,,,,,,,
,,,,,,,,
,,,,,,,,
,,,,,,,,
,,,,,,,,
,,,,,,,,
,,,,,,,,
,,,,,,,,
,,,,,,,,
,,,,,,,,
,,,,,,,,
,,,,,,,,
,,,,,,,,
,,,,,,,,
